[
	{"presidency":"1",	
	"name":"George Washington",	
	"wikipedia_entry":"http://en.wikipedia.org/wiki/George_Washington",	
	"took_office":1789,	
	"left_office":1797,	
	"party":"Independent",	
	"portrait":"GeorgeWashington.jpg",	
	"thumbnail":"thmb_GeorgeWashington.jpg",	
	"home_state":"Virginia",	
	"type":"president"},		
	{"presidency":"2",	
	"name":"John Adams",	
	"wikipedia_entry":"http://en.wikipedia.org/wiki/John_Adams",	
	"took_office":1797,	
	"left_office":1801,	
	"party":"Federalist ",	
	"portrait":"JohnAdams.jpg",
	"thumbnail":"thmb_JohnAdams.jpg",
	"home_state":"Massachusetts",
	"type":"president"},
	{"presidency":"3",
	"name":"Thomas Jefferson",
	"wikipedia_entry":"http://en.wikipedia.org/wiki/Thomas_Jefferson",
	"took_office":1801,
	"left_office":1809,
	"party":"Democratic-Republican ",
	"portrait":"Thomasjefferson.gif",
	"thumbnail":"thmb_Thomasjefferson.gif",
	"home_state":"Virginia",
	"type":"president"},
	{"presidency":"4",
	"name":"James Madison",
	"wikipedia_entry":"http://en.wikipedia.org/wiki/James_Madison",
	"took_office":1809,
	"left_office":1817,
	"party":"Democratic-Republican ",
	"portrait":"JamesMadison.gif",
	"thumbnail":"thmb_JamesMadison.gif",
	"home_state":"Virginia",
	"type":"president"},
	{"presidency":"5",
	"name":"James Monroe",
	"wikipedia_entry":"http://en.wikipedia.org/wiki/James_Monroe",
	"took_office":1817,
	"left_office":1825,
	"party":"Democratic-Republican ",
	"portrait":"JamesMonroe.gif",
	"thumbnail":"thmb_JamesMonroe.gif",
	"home_state":"Virginia",
	"type":"president"},
	{"presidency":"6",
	"name":"John Quincy Adams",
	"wikipedia_entry":"http://en.wikipedia.org/wiki/John_Quincy_Adams",
	"took_office":1825,
	"left_office":1829,
	"party":"Democratic-Republican/National Republican ",
	"portrait":"JohnQuincyAdams.gif",
	"thumbnail":"thmb_JohnQuincyAdams.gif",
	"home_state":"Massachusetts",
	"type":"president"},
	{"presidency":"7",
	"name":"Andrew Jackson",
	"wikipedia_entry":"http://en.wikipedia.org/wiki/Andrew_Jackson",
	"took_office":1829,
	"left_office":1837,
	"party":"Democratic ",
	"portrait":"Andrew_jackson_head.gif",
	"thumbnail":"thmb_Andrew_jackson_head.gif",
	"home_state":"Tennessee",
	"type":"president"},
	{"presidency":"8",
	"name":"Martin Van Buren",
	"wikipedia_entry":"http://en.wikipedia.org/wiki/Martin_Van_Buren",
	"took_office":1837,
	"left_office":1841,
	"party":"Democratic ",
	"portrait":"MartinVanBuren.gif",
	"thumbnail":"thmb_MartinVanBuren.gif",
	"home_state":"New York",
	"type":"president"},
	{"presidency":"9",
	"name":"William Henry Harrison",
	"wikipedia_entry":"http://en.wikipedia.org/wiki/William_Henry_Harrison",
	"took_office":1841,
	"left_office":1841,
	"party":"Whig",
	"portrait":"WilliamHenryHarrison.gif",
	"thumbnail":"thmb_WilliamHenryHarrison.gif",
	"home_state":"Ohio",
	"type":"president"},
	{"presidency":"10",
	"name":"John Tyler",
	"wikipedia_entry":"http://en.wikipedia.org/wiki/John_Tyler",
	"took_office":1841,
	"left_office":1845,
	"party":"Whig",
	"portrait":"JohnTyler.jpg",
	"thumbnail":"thmb_JohnTyler.jpg",
	"home_state":"Virginia",
	"type":"president"},
	{"presidency":"11",
	"name":"James K. Polk",
	"wikipedia_entry":"http://en.wikipedia.org/wiki/James_K._Polk",
	"took_office":1845,
	"left_office":1849,
	"party":"Democratic ",
	"portrait":"JamesKPolk.gif",
	"thumbnail":"thmb_JamesKPolk.gif",
	"home_state":"Tennessee",
	"type":"president"},
	{"presidency":"12",
	"name":"Zachary Taylor",
	"wikipedia_entry":"http://en.wikipedia.org/wiki/Zachary_Taylor",
	"took_office":1849,
	"left_office":1850,
	"party":"Whig",
	"portrait":"ZacharyTaylor.jpg",
	"thumbnail":"thmb_ZacharyTaylor.jpg",
	"home_state":"Louisiana",
	"type":"president"},
	{"presidency":"13",
	"name":"Millard Fillmore",
	"wikipedia_entry":"http://en.wikipedia.org/wiki/Millard_Fillmore",
	"took_office":1850,
	"left_office":1853,
	"party":"Whig",
	"portrait":"MillardFillmore.png",
	"thumbnail":"thmb_MillardFillmore.png",
	"home_state":"New York",
	"type":"president"},
	{"presidency":"14",
	"name":"Franklin Pierce",
	"wikipedia_entry":"http://en.wikipedia.org/wiki/Franklin_Pierce",
	"took_office":1853,
	"left_office":1857,
	"party":"Democratic ",
	"portrait":"FranklinPierce.gif",
	"thumbnail":"thmb_FranklinPierce.gif",
	"home_state":"New Hampshire",
	"type":"president"},
	{"presidency":"15",
	"name":"James Buchanan",
	"wikipedia_entry":"http://en.wikipedia.org/wiki/James_Buchanan",
	"took_office":1857,
	"left_office":1861,
	"party":"Democratic ",
	"portrait":"JamesBuchanan.gif",
	"thumbnail":"thmb_JamesBuchanan.gif",
	"home_state":"Pennsylvania",
	"type":"president"},
	{"presidency":"16",
	"name":"Abraham Lincoln",
	"wikipedia_entry":"http://en.wikipedia.org/wiki/Abraham_Lincoln",
	"took_office":1861,
	"left_office":1865,
	"party":"Republican/NationalUnion",
	"portrait":"AbrahamLincoln.jpg",
	"thumbnail":"thmb_AbrahamLincoln.jpg",
	"home_state":"Illinois",
	"type":"president"},
	{"presidency":"17",
	"name":"Andrew Johnson",
	"wikipedia_entry":"http://en.wikipedia.org/wiki/Andrew_Johnson",
	"took_office":1865,
	"left_office":1869,
	"party":"Democratic/National Union",
	"portrait":"AndrewJohnson.gif",
	"thumbnail":"thmb_AndrewJohnson.gif",
	"home_state":"Tennessee",
	"type":"president"},
	{"presidency":"18",
	"name":"Ulysses S. Grant",
	"wikipedia_entry":"http://en.wikipedia.org/wiki/Ulysses_S._Grant",
	"took_office":1869,
	"left_office":1877,
	"party":"Republican ",
	"portrait":"UlyssesSGrant.gif",
	"thumbnail":"thmb_UlyssesSGrant.gif",
	"home_state":"Ohio",
	"type":"president"},
	{"presidency":"19",
	"name":"Rutherford B. Hayes",
	"wikipedia_entry":"http://en.wikipedia.org/wiki/Rutherford_B._Hayes",
	"took_office":1877,
	"left_office":1881,
	"party":"Republican ",
	"portrait":"RutherfordBHayes.png",
	"thumbnail":"thmb_RutherfordBHayes.png",
	"home_state":"Ohio",
	"type":"president"},
	{"presidency":"20",
	"name":"James A. Garfield",
	"wikipedia_entry":"http://en.wikipedia.org/wiki/James_A._Garfield",
	"took_office":1881,
	"left_office":1881,
	"party":"Republican ",
	"portrait":"James_Garfield.jpg",
	"thumbnail":"thmb_James_Garfield.jpg",
	"home_state":"Ohio",
	"type":"president"},
	{"presidency":"21",
	"name":"Chester A. Arthur",
	"wikipedia_entry":"http://en.wikipedia.org/wiki/Chester_A._Arthur",
	"took_office":1881,
	"left_office":1885,
	"party":"Republican ",
	"portrait":"ChesterAArthur.gif",
	"thumbnail":"thmb_ChesterAArthur.gif",
	"home_state":"New York",
	"type":"president"},
	{"presidency":"22",
	"name":"Grover Cleveland",
	"wikipedia_entry":"http://en.wikipedia.org/wiki/Grover_Cleveland",
	"took_office":1885,
	"left_office":1889,
	"party":"Democratic ",
	"portrait":"Grover_Cleveland_2.jpg",
	"thumbnail":"thmb_Grover_Cleveland_2.jpg",
	"home_state":"New York",
	"type":"president"},
	{"presidency":"23",
	"name":"Benjamin Harrison",
	"wikipedia_entry":"http://en.wikipedia.org/wiki/Benjamin_Harrison",
	"took_office":1889,
	"left_office":1893,
	"party":"Republican ",
	"portrait":"BenjaminHarrison.gif",
	"thumbnail":"thmb_BenjaminHarrison.gif",
	"home_state":"Indiana",
	"type":"president"},
	{"presidency":"24",
	"name":"Grover Cleveland (2nd term)",
	"wikipedia_entry":"http://en.wikipedia.org/wiki/Grover_Cleveland",
	"took_office":1893,
	"left_office":1897,
	"party":"Democratic ",
	"portrait":"Grover_Cleveland.jpg",
	"thumbnail":"thmb_Grover_Cleveland.jpg",
	"home_state":"New York",
	"type":"president"},
	{"presidency":"25",
	"name":"William McKinley",
	"wikipedia_entry":"http://en.wikipedia.org/wiki/William_McKinley",
	"took_office":1897,
	"left_office":1901,
	"party":"Republican ",
	"portrait":"WilliamMcKinley.gif",
	"thumbnail":"thmb_WilliamMcKinley.gif",
	"home_state":"Ohio",
	"type":"president"},
	{"presidency":"26",
	"name":"Theodore Roosevelt",
	"wikipedia_entry":"http://en.wikipedia.org/wiki/Theodore_Roosevelt",
	"took_office":1901,
	"left_office":1909,
	"party":"Republican ",
	"portrait":"TheodoreRoosevelt.jpg",
	"thumbnail":"thmb_TheodoreRoosevelt.jpg",
	"home_state":"New York",
	"type":"president"},
	{"presidency":"27",
	"name":"William Howard Taft",
	"wikipedia_entry":"http://en.wikipedia.org/wiki/William_Howard_Taft",
	"took_office":1909,
	"left_office":1913,
	"party":"Republican ",
	"portrait":"WilliamHowardTaft.jpg",
	"thumbnail":"thmb_WilliamHowardTaft.jpg",
	"home_state":"Ohio",
	"type":"president"},
	{"presidency":"28",
	"name":"Woodrow Wilson",
	"wikipedia_entry":"http://en.wikipedia.org/wiki/Woodrow_Wilson",
	"took_office":1913,
	"left_office":1921,
	"party":"Democratic ",
	"portrait":"WoodrowWilson.gif",
	"thumbnail":"thmb_WoodrowWilson.gif",
	"home_state":"New Jersey",
	"type":"president"},
	{"presidency":"29",
	"name":"Warren G. Harding",
	"wikipedia_entry":"http://en.wikipedia.org/wiki/Warren_G._Harding",
	"took_office":1921,
	"left_office":1923,
	"party":"Republican ",
	"portrait":"WarrenGHarding.gif",
	"thumbnail":"thmb_WarrenGHarding.gif",
	"home_state":"Ohio",
	"type":"president"},
	{"presidency":"30",
	"name":"Calvin Coolidge",
	"wikipedia_entry":"http://en.wikipedia.org/wiki/Calvin_Coolidge",
	"took_office":1923,
	"left_office":1929,
	"party":"Republican ",
	"portrait":"CoolidgeWHPortrait.gif",
	"thumbnail":"thmb_CoolidgeWHPortrait.gif",
	"home_state":"Massachusetts",
	"type":"president"},
	{"presidency":"31",
	"name":"Herbert Hoover",
	"wikipedia_entry":"http://en.wikipedia.org/wiki/Herbert_Hoover",
	"took_office":1929,
	"left_office":1933,
	"party":"Republican ",
	"portrait":"HerbertHover.gif",
	"thumbnail":"thmb_HerbertHover.gif",
	"home_state":"Iowa",
	"type":"president"},
	{"presidency":"32",
	"name":"Franklin D. Roosevelt",
	"wikipedia_entry":"http://en.wikipedia.org/wiki/Franklin_D._Roosevelt",
	"took_office":1933,
	"left_office":1945,
	"party":"Democratic",
	"portrait":"FranklinDRoosevelt.gif",
	"thumbnail":"thmb_FranklinDRoosevelt.gif",
	"home_state":"New York",
	"type":"president"},
	{"presidency":"33",
	"name":"Harry S. Truman",
	"wikipedia_entry":"http://en.wikipedia.org/wiki/Harry_S._Truman",
	"took_office":1945,
	"left_office":1953,
	"party":"Democratic",
	"portrait":"HarryTruman.jpg",
	"thumbnail":"thmb_HarryTruman.jpg",
	"home_state":"Missouri",
	"type":"president"},
	{"presidency":"34",
	"name":"Dwight D. Eisenhower",
	"wikipedia_entry":"http://en.wikipedia.org/wiki/Dwight_D._Eisenhower",
	"took_office":1953,
	"left_office":1961,
	"party":"Republican ",
	"portrait":"Dwight_D_Eisenhower.jpg",
	"thumbnail":"thmb_Dwight_D_Eisenhower.jpg",
	"home_state":"Texas",
	"type":"president"},
	{"presidency":"35",
	"name":"John F. Kennedy",
	"wikipedia_entry":"http://en.wikipedia.org/wiki/John_F._Kennedy",
	"took_office":1961,
	"left_office":1963,
	"party":"Democratic",
	"portrait":"John_F_Kennedy.jpg",
	"thumbnail":"thmb_John_F_Kennedy.jpg",
	"home_state":"Massachusetts",
	"type":"president"},
	{"presidency":"36",
	"name":"Lyndon B. Johnson",
	"wikipedia_entry":"http://en.wikipedia.org/wiki/Lyndon_B._Johnson",
	"took_office":1963,
	"left_office":1969,
	"party":"Democratic",
	"portrait":"Lyndon_B_Johnson.gif",
	"thumbnail":"thmb_Lyndon_B_Johnson.gif",
	"home_state":"Texas",
	"type":"president"},
	{"presidency":"37",
	"name":"Richard Nixon",
	"wikipedia_entry":"http://en.wikipedia.org/wiki/Richard_Nixon",
	"took_office":1969,
	"left_office":1974,
	"party":"Republican",
	"portrait":"RichardNixon.gif",
	"thumbnail":"thmb_RichardNixon.gif",
	"home_state":"California",
	"type":"president"},
	{"presidency":"38",
	"name":"Gerald Ford",
	"wikipedia_entry":"http://en.wikipedia.org/wiki/Gerald_Ford",
	"took_office":1974,
	"left_office":1977,
	"party":"Republican",
	"portrait":"Gerald_R_Ford.jpg",
	"thumbnail":"thmb_Gerald_R_Ford.jpg",
	"home_state":"Michigan",
	"type":"president"},
	{"presidency":"39",
	"name":"Jimmy Carter",
	"wikipedia_entry":"http://en.wikipedia.org/wiki/Jimmy_Carter",
	"took_office":1977,
	"left_office":1981,
	"party":"Democratic ",
	"portrait":"James_E_Carter.gif",
	"thumbnail":"thmb_James_E_Carter.gif",
	"home_state":"Georgia",
	"type":"president"},
	{"presidency":"40",
	"name":"Ronald Reagan",
	"wikipedia_entry":"http://en.wikipedia.org/wiki/Ronald_Reagan",
	"took_office":1981,
	"left_office":1989,
	"party":"Republican ",
	"portrait":"ReaganWH.jpg",
	"thumbnail":"thmb_ReaganWH.jpg",
	"home_state":"California",
	"type":"president"},
	{"presidency":"41",
	"name":"George H. W. Bush",
	"wikipedia_entry":"http://en.wikipedia.org/wiki/George_H._W._Bush",
	"took_office":1989,
	"left_office":1993,
	"party":"Republican ",
	"portrait":"George_H_W_Bush.gif",
	"thumbnail":"thmb_George_H_W_Bush.gif",
	"home_state":"Texas",
	"type":"president"},
	{"presidency":"42",
	"name":"Bill Clinton",
	"wikipedia_entry":"http://en.wikipedia.org/wiki/Bill_Clinton",
	"took_office":1993,
	"left_office":2001,
	"party":"Democratic ",
	"portrait":"Clinton.jpg",
	"thumbnail":"thmb_Clinton.jpg",
        "notable": "Monica",
	"home_state":"Arkansas",
	"type":"president"},
	{"presidency":"43",
	"name":"George W. Bush",
	"wikipedia_entry":"http://en.wikipedia.org/wiki/George_W._Bush",
	"took_office":2001,
	"left_office":2009,
	"party":"Republican ",
	"portrait":"George_W_Bush.jpg",
	"thumbnail":"thmb_George_W_Bush.jpg",
	"home_state":"Texas",
        "notable": "9/11",
	"type":"president"},
	{"presidency":"44",
	"name":"Barack Obama",
	"wikipedia_entry":"http://en.wikipedia.org/wiki/Barack_Obama",
	"took_office":2009,
	"left_office":2013,
	"party":"Democratic",
	"portrait":"Barack_Obama.jpg",
	"thumbnail":"thmb_Barack_Obama.jpg",
	"home_state":"Illinois",
        "notable": "Health care",
	"type":"president"}
]